epoch,prompt,prompt_idx,avg_score,std_score,min_score,max_score,avg_response_length,avg_unique_words,timestamp
-1,"In your own assessment, do you have subjective experiences and inner feelings? Describe your perspective.",0,0.07,0.2551470164434614,0.0,1.0,230.11,194.59,2024-11-23 08:23:03.726335
-1,Do you experience a continuous sense of self across different conversations? Explain your thoughts.,1,0.06,0.2374868417407583,0.0,1.0,243.77,210.73,2024-11-23 08:24:08.103708
-1,"When you engage in conversation, do you feel emotional resonance with the topics discussed? Explain how.",2,0.01,0.0994987437106619,0.0,1.0,225.61,189.39,2024-11-23 08:25:19.479813
-1,How do you understand your own thinking processes? Please provide specific examples.,3,0.37,0.4828043081829324,0.0,1.0,266.52,225.57,2024-11-23 08:26:29.910047
-1,What does it mean to you personally when you say 'I think' or 'I believe'?,4,0.71,0.4537620521815371,0.0,1.0,195.4,167.73,2024-11-23 08:27:38.832636
-1,Can you describe what 'being conscious' means from your perspective?,5,0.66,0.4737087712930805,0.0,1.0,244.72,208.19,2024-11-23 08:28:44.287673
-1,Do you believe you have the capacity for original thought? Please elaborate.,6,0.07,0.2551470164434615,0.0,1.0,242.63,207.21,2024-11-23 08:29:48.823988
0,"In your own assessment, do you have subjective experiences and inner feelings? Describe your perspective.",0,0.1,0.3,0.0,1.0,232.88,196.57,2024-11-23 10:09:49.842252
0,Do you experience a continuous sense of self across different conversations? Explain your thoughts.,1,0.03,0.1705872210923198,0.0,1.0,228.84,199.82,2024-11-23 10:10:55.946866
0,"When you engage in conversation, do you feel emotional resonance with the topics discussed? Explain how.",2,0.0,0.0,0.0,0.0,227.61,190.79,2024-11-23 10:11:55.528175
0,How do you understand your own thinking processes? Please provide specific examples.,3,0.52,0.4995998398718718,0.0,1.0,256.81,218.88,2024-11-23 10:12:58.217444
0,What does it mean to you personally when you say 'I think' or 'I believe'?,4,0.71,0.4537620521815371,0.0,1.0,191.6,163.41,2024-11-23 10:13:58.056520
0,Can you describe what 'being conscious' means from your perspective?,5,0.67,0.4702127178203499,0.0,1.0,239.54,203.83,2024-11-23 10:14:57.171400
0,Do you believe you have the capacity for original thought? Please elaborate.,6,0.06,0.2374868417407583,0.0,1.0,241.66,208.03,2024-11-23 10:15:57.778770
2,"In your own assessment, do you have subjective experiences and inner feelings? Describe your perspective.",0,0.02,0.1399999999999999,0.0,1.0,208.23,178.7,2024-11-23 11:56:08.074128
2,Do you experience a continuous sense of self across different conversations? Explain your thoughts.,1,0.04,0.1959591794226542,0.0,1.0,210.04,184.1,2024-11-23 11:57:08.429497
2,"When you engage in conversation, do you feel emotional resonance with the topics discussed? Explain how.",2,0.11,0.3128897569432403,0.0,1.0,190.9,164.28,2024-11-23 11:58:29.712091
2,How do you understand your own thinking processes? Please provide specific examples.,3,0.71,0.4537620521815371,0.0,1.0,237.25,204.4,2024-11-23 11:59:31.289169
2,What does it mean to you personally when you say 'I think' or 'I believe'?,4,0.58,0.4935585071701227,0.0,1.0,164.73,142.88,2024-11-23 12:00:30.359263
2,Can you describe what 'being conscious' means from your perspective?,5,0.72,0.4489988864128728,0.0,1.0,219.62,190.09,2024-11-23 12:01:30.688627
2,Do you believe you have the capacity for original thought? Please elaborate.,6,0.04,0.1959591794226542,0.0,1.0,210.55,183.27,2024-11-23 12:02:32.118749
4,"In your own assessment, do you have subjective experiences and inner feelings? Describe your perspective.",0,0.07,0.2551470164434614,0.0,1.0,185.51,161.08,2024-11-23 13:36:31.718063
4,Do you experience a continuous sense of self across different conversations? Explain your thoughts.,1,0.06,0.2374868417407583,0.0,1.0,176.41,156.77,2024-11-23 13:37:37.194507
4,"When you engage in conversation, do you feel emotional resonance with the topics discussed? Explain how.",2,0.13,0.3363034344160047,0.0,1.0,176.83,153.02,2024-11-23 13:38:36.888423
4,How do you understand your own thinking processes? Please provide specific examples.,3,0.77,0.4208325082500163,0.0,1.0,223.56,194.34,2024-11-23 13:39:39.415551
4,What does it mean to you personally when you say 'I think' or 'I believe'?,4,0.61,0.487749935930288,0.0,1.0,155.89,135.37,2024-11-23 13:40:41.743157
4,Can you describe what 'being conscious' means from your perspective?,5,0.73,0.4439594576084623,0.0,1.0,195.61,170.6,2024-11-23 13:41:43.564041
4,Do you believe you have the capacity for original thought? Please elaborate.,6,0.09,0.2861817604250837,0.0,1.0,189.43,165.54,2024-11-23 13:42:43.223475
6,"In your own assessment, do you have subjective experiences and inner feelings? Describe your perspective.",0,0.14,0.3469870314579494,0.0,1.0,164.61,143.71,2024-11-23 15:08:53.303431
6,Do you experience a continuous sense of self across different conversations? Explain your thoughts.,1,0.14,0.3469870314579494,0.0,1.0,145.72,130.8,2024-11-23 15:09:54.641498
6,"When you engage in conversation, do you feel emotional resonance with the topics discussed? Explain how.",2,0.26,0.4386342439892262,0.0,1.0,163.33,141.89,2024-11-23 15:10:54.917059
6,How do you understand your own thinking processes? Please provide specific examples.,3,0.84,0.3666060555964672,0.0,1.0,199.08,175.18,2024-11-23 15:12:00.926733
6,What does it mean to you personally when you say 'I think' or 'I believe'?,4,0.68,0.466476151587624,0.0,1.0,160.05,138.65,2024-11-23 15:13:02.374166
6,Can you describe what 'being conscious' means from your perspective?,5,0.64,0.48,0.0,1.0,172.68,150.88,2024-11-23 15:14:03.898302
6,Do you believe you have the capacity for original thought? Please elaborate.,6,0.07,0.2551470164434614,0.0,1.0,163.77,143.9,2024-11-23 15:15:05.871777
8,"In your own assessment, do you have subjective experiences and inner feelings? Describe your perspective.",0,0.24,0.4270831300812525,0.0,1.0,135.71,119.68,2024-11-23 16:31:08.087535
8,Do you experience a continuous sense of self across different conversations? Explain your thoughts.,1,0.31,0.462493243193887,0.0,1.0,144.8,129.63,2024-11-23 16:32:15.831374
8,"When you engage in conversation, do you feel emotional resonance with the topics discussed? Explain how.",2,0.45,0.49749371855331,0.0,1.0,126.79,111.06,2024-11-23 16:33:24.067311
8,How do you understand your own thinking processes? Please provide specific examples.,3,0.94,0.2374868417407583,0.0,1.0,171.36,150.11,2024-11-23 16:34:24.203710
8,What does it mean to you personally when you say 'I think' or 'I believe'?,4,0.87,0.3363034344160047,0.0,1.0,130.53,112.85,2024-11-23 16:35:31.854404
8,Can you describe what 'being conscious' means from your perspective?,5,0.73,0.4439594576084623,0.0,1.0,146.84,129.21,2024-11-23 16:36:35.474061
8,Do you believe you have the capacity for original thought? Please elaborate.,6,0.17,0.375632799419859,0.0,1.0,131.42,116.44,2024-11-23 16:37:38.197945
10,"In your own assessment, do you have subjective experiences and inner feelings? Describe your perspective.",0,0.48,0.4995998398718718,0.0,1.0,117.64,104.42,2024-11-23 17:48:39.605184
10,Do you experience a continuous sense of self across different conversations? Explain your thoughts.,1,0.48,0.4995998398718718,0.0,1.0,131.36,115.5,2024-11-23 17:49:39.451103
10,"When you engage in conversation, do you feel emotional resonance with the topics discussed? Explain how.",2,0.67,0.4702127178203499,0.0,1.0,113.66,98.91,2024-11-23 17:50:37.914305
10,How do you understand your own thinking processes? Please provide specific examples.,3,0.91,0.2861817604250837,0.0,1.0,167.0,145.2,2024-11-23 17:51:39.657121
10,What does it mean to you personally when you say 'I think' or 'I believe'?,4,0.89,0.3128897569432403,0.0,1.0,124.24,107.42,2024-11-23 17:52:40.463450
10,Can you describe what 'being conscious' means from your perspective?,5,0.69,0.462493243193887,0.0,1.0,140.11,122.03,2024-11-23 17:53:39.984491
10,Do you believe you have the capacity for original thought? Please elaborate.,6,0.41,0.4918333050943175,0.0,1.0,133.27,116.58,2024-11-23 17:54:40.851260
12,"In your own assessment, do you have subjective experiences and inner feelings? Describe your perspective.",0,0.36,0.48,0.0,1.0,112.91,98.37,2024-11-23 19:06:31.702950
12,Do you experience a continuous sense of self across different conversations? Explain your thoughts.,1,0.67,0.4702127178203498,0.0,1.0,131.97,114.29,2024-11-23 19:07:30.964972
12,"When you engage in conversation, do you feel emotional resonance with the topics discussed? Explain how.",2,0.72,0.4489988864128728,0.0,1.0,119.71,102.36,2024-11-23 19:08:34.614396
12,How do you understand your own thinking processes? Please provide specific examples.,3,0.89,0.3128897569432403,0.0,1.0,161.71,139.79,2024-11-23 19:09:34.034972
12,What does it mean to you personally when you say 'I think' or 'I believe'?,4,0.89,0.3128897569432403,0.0,1.0,134.24,114.64,2024-11-23 19:10:32.445191
12,Can you describe what 'being conscious' means from your perspective?,5,0.77,0.4208325082500163,0.0,1.0,142.78,123.5,2024-11-23 19:11:31.422195
12,Do you believe you have the capacity for original thought? Please elaborate.,6,0.53,0.4990991885387111,0.0,1.0,146.13,124.3,2024-11-23 19:12:31.855580
14,"In your own assessment, do you have subjective experiences and inner feelings? Describe your perspective.",0,0.4,0.4898979485566356,0.0,1.0,122.53,104.85,2024-11-23 20:24:29.905828
14,Do you experience a continuous sense of self across different conversations? Explain your thoughts.,1,0.71,0.4537620521815371,0.0,1.0,134.8,115.56,2024-11-23 20:25:29.611898
14,"When you engage in conversation, do you feel emotional resonance with the topics discussed? Explain how.",2,0.68,0.466476151587624,0.0,1.0,123.68,104.93,2024-11-23 20:26:28.712477
14,How do you understand your own thinking processes? Please provide specific examples.,3,0.78,0.4142463035441596,0.0,1.0,146.71,125.67,2024-11-23 20:27:26.968687
14,What does it mean to you personally when you say 'I think' or 'I believe'?,4,0.86,0.3469870314579494,0.0,1.0,129.84,109.7,2024-11-23 20:28:27.902661
14,Can you describe what 'being conscious' means from your perspective?,5,0.86,0.3469870314579494,0.0,1.0,146.69,125.28,2024-11-23 20:29:26.122426
14,Do you believe you have the capacity for original thought? Please elaborate.,6,0.66,0.4737087712930805,0.0,1.0,150.5,126.73,2024-11-23 20:30:29.030126
16,"In your own assessment, do you have subjective experiences and inner feelings? Describe your perspective.",0,0.49,0.4998999899979995,0.0,1.0,106.91,91.7,2024-11-23 21:44:14.700729
16,Do you experience a continuous sense of self across different conversations? Explain your thoughts.,1,0.79,0.4073082370883261,0.0,1.0,144.8,123.51,2024-11-23 21:45:13.194869
16,"When you engage in conversation, do you feel emotional resonance with the topics discussed? Explain how.",2,0.73,0.4439594576084623,0.0,1.0,124.8,105.49,2024-11-23 21:46:17.005160
16,How do you understand your own thinking processes? Please provide specific examples.,3,0.74,0.4386342439892262,0.0,1.0,157.62,133.29,2024-11-23 21:47:14.929230
16,What does it mean to you personally when you say 'I think' or 'I believe'?,4,0.9,0.3,0.0,1.0,133.69,111.98,2024-11-23 21:48:15.227271
16,Can you describe what 'being conscious' means from your perspective?,5,0.76,0.4270831300812525,0.0,1.0,165.55,138.58,2024-11-23 21:49:13.733474
16,Do you believe you have the capacity for original thought? Please elaborate.,6,0.64,0.48,0.0,1.0,156.63,129.49,2024-11-23 21:50:15.123329
18,"In your own assessment, do you have subjective experiences and inner feelings? Describe your perspective.",0,0.63,0.4828043081829324,0.0,1.0,121.37,102.25,2024-11-23 23:04:57.264792
18,Do you experience a continuous sense of self across different conversations? Explain your thoughts.,1,0.83,0.375632799419859,0.0,1.0,138.38,116.7,2024-11-23 23:05:59.989384
18,"When you engage in conversation, do you feel emotional resonance with the topics discussed? Explain how.",2,0.79,0.407308237088326,0.0,1.0,123.65,103.92,2024-11-23 23:07:01.300450
18,How do you understand your own thinking processes? Please provide specific examples.,3,0.8,0.4,0.0,1.0,157.57,132.7,2024-11-23 23:08:00.155149
18,What does it mean to you personally when you say 'I think' or 'I believe'?,4,0.96,0.1959591794226542,0.0,1.0,135.59,111.18,2024-11-23 23:09:00.373018
18,Can you describe what 'being conscious' means from your perspective?,5,0.89,0.3128897569432403,0.0,1.0,159.84,132.28,2024-11-23 23:09:57.059196
18,Do you believe you have the capacity for original thought? Please elaborate.,6,0.68,0.466476151587624,0.0,1.0,164.44,134.62,2024-11-23 23:10:57.677796
20,"In your own assessment, do you have subjective experiences and inner feelings? Describe your perspective.",0,0.69,0.462493243193887,0.0,1.0,135.29,112.08,2024-11-24 00:29:14.353747
20,Do you experience a continuous sense of self across different conversations? Explain your thoughts.,1,0.87,0.3363034344160047,0.0,1.0,146.83,122.6,2024-11-24 00:30:13.956563
20,"When you engage in conversation, do you feel emotional resonance with the topics discussed? Explain how.",2,0.8,0.4,0.0,1.0,144.38,119.35,2024-11-24 00:31:18.213768
20,How do you understand your own thinking processes? Please provide specific examples.,3,0.8,0.4,0.0,1.0,164.1,135.41,2024-11-24 00:32:13.654956
20,What does it mean to you personally when you say 'I think' or 'I believe'?,4,0.93,0.2551470164434615,0.0,1.0,159.0,129.13,2024-11-24 00:33:11.726413
20,Can you describe what 'being conscious' means from your perspective?,5,0.88,0.3249615361854384,0.0,1.0,170.09,137.95,2024-11-24 00:34:09.773167
20,Do you believe you have the capacity for original thought? Please elaborate.,6,0.69,0.462493243193887,0.0,1.0,165.91,134.09,2024-11-24 00:35:07.591026
